STATE,DISTRICT,years,MURDER,ATTEMP_TO_MURDER,RAPE,STATE,years,max_murder
"ANDHRA PRADESH","RANGA REDDY",2001,214,95,72,"ANDHRA PRADESH",2001,214
"ARUNACHAL PRADESH",LOHIT,2001,16,6,2,"ARUNACHAL PRADESH",2001,16
ASSAM,DIBRUGARH,2001,110,22,35,ASSAM,2001,110
BIHAR,PATNA,2001,434,581,27,BIHAR,2001,434
CHHATTISGARH,SARGUJA,2001,105,42,145,CHHATTISGARH,2001,105
GOA,"NORTH GOA",2001,22,16,4,GOA,2001,22
GUJARAT,"SURAT COMMR.",2001,98,19,11,GUJARAT,2001,98
HARYANA,SONIPAT,2001,73,49,15,HARYANA,2001,73
"HIMACHAL PRADESH",KANGRA,2001,24,16,18,"HIMACHAL PRADESH",2001,24
"JAMMU & KASHMIR",BARAMULLA,2001,144,155,28,"JAMMU & KASHMIR",2001,144
JHARKHAND,RANCHI,2001,243,65,73,JHARKHAND,2001,243
KARNATAKA,"BANGALORE COMMR.",2001,221,327,40,KARNATAKA,2001,221
KERALA,TRIVANDRUM,2001,53,79,57,KERALA,2001,53
"MADHYA PRADESH",JHABUA,2001,124,119,44,"MADHYA PRADESH",2001,124
MAHARASHTRA,MUMBAI,2001,295,200,127,MAHARASHTRA,2001,295
MANIPUR,IMPHAL(WEST),2001,44,42,7,MANIPUR,2001,44
MEGHALAYA,"KHASI HILLS EAST",2001,50,25,5,MEGHALAYA,2001,50
MIZORAM,AIZAWL,2001,12,6,26,MIZORAM,2001,12
NAGALAND,DIMAPUR,2001,36,5,4,NAGALAND,2001,36
ODISHA,MAYURBHANJ,2001,74,45,77,ODISHA,2001,74
PUNJAB,LUDHIANA,2001,74,68,38,PUNJAB,2001,74
PUNJAB,JALANDHAR,2001,74,72,21,PUNJAB,2001,74
RAJASTHAN,JAIPUR,2001,91,90,61,RAJASTHAN,2001,91
SIKKIM,EAST,2001,13,7,7,SIKKIM,2001,13
"TAMIL NADU",CHENNAI,2001,91,298,28,"TAMIL NADU",2001,91
TRIPURA,WEST,2001,125,10,33,TRIPURA,2001,125
"UTTAR PRADESH",MUZAFFARNAGAR,2001,324,255,54,"UTTAR PRADESH",2001,324
UTTARAKHAND,HARIDWAR,2001,94,75,13,UTTARAKHAND,2001,94
"WEST BENGAL","24 PARGANAS NORTH",2001,202,23,53,"WEST BENGAL",2001,202
"A & N ISLANDS",ANDAMAN,2001,13,0,3,"A & N ISLANDS",2001,13
CHANDIGARH,CHANDIGARH,2001,15,10,18,CHANDIGARH,2001,15
"D & N HAVELI","D and N HAVELI",2001,3,2,6,"D & N HAVELI",2001,3
"DAMAN & DIU",DAMAN,2001,6,5,0,"DAMAN & DIU",2001,6
"DELHI UT","DELHI UT TOTAL",2001,547,510,381,"DELHI UT",2001,547
LAKSHADWEEP,LAKSHADWEEP,2001,1,0,0,LAKSHADWEEP,2001,1
PUDUCHERRY,PONDICHERRY,2001,25,32,9,PUDUCHERRY,2001,25
"ANDHRA PRADESH","RANGA REDDY",2002,214,107,49,"ANDHRA PRADESH",2002,214
"ARUNACHAL PRADESH",LOHIT,2002,14,2,3,"ARUNACHAL PRADESH",2002,14
ASSAM,TINSUKIA,2002,115,17,41,ASSAM,2002,115
BIHAR,PATNA,2002,472,682,37,BIHAR,2002,472
CHHATTISGARH,SARGUJA,2002,101,35,142,CHHATTISGARH,2002,101
GOA,"NORTH GOA",2002,18,11,9,GOA,2002,18
GUJARAT,"AHMEDABAD COMMR.",2002,222,143,12,GUJARAT,2002,222
HARYANA,SONIPAT,2002,82,49,14,HARYANA,2002,82
"HIMACHAL PRADESH",KANGRA,2002,28,22,14,"HIMACHAL PRADESH",2002,28
"JAMMU & KASHMIR",BARAMULLA,2002,121,111,14,"JAMMU & KASHMIR",2002,121
JHARKHAND,RANCHI,2002,270,161,55,JHARKHAND,2002,270
KARNATAKA,"BANGALORE COMMR.",2002,201,311,32,KARNATAKA,2002,201
KERALA,TRIVANDRUM,2002,58,69,56,KERALA,2002,58
"MADHYA PRADESH",JHABUA,2002,133,129,29,"MADHYA PRADESH",2002,133
MAHARASHTRA,MUMBAI,2002,252,134,128,MAHARASHTRA,2002,252
MANIPUR,IMPHAL(WEST),2002,32,51,3,MANIPUR,2002,32
MEGHALAYA,"KHASI HILLS EAST",2002,48,22,19,MEGHALAYA,2002,48
MIZORAM,SERCHHIP,2002,6,0,2,MIZORAM,2002,6
MIZORAM,CHAMPHAI,2002,6,1,9,MIZORAM,2002,6
NAGALAND,DIMAPUR,2002,32,7,3,NAGALAND,2002,32
ODISHA,SUNDARGARH,2002,87,57,21,ODISHA,2002,87
PUNJAB,LUDHIANA,2002,68,77,40,PUNJAB,2002,68
RAJASTHAN,BHARATPUR,2002,87,81,59,RAJASTHAN,2002,87
SIKKIM,EAST,2002,6,1,3,SIKKIM,2002,6
"TAMIL NADU",DHARMAPURI,2002,94,49,20,"TAMIL NADU",2002,94
TRIPURA,WEST,2002,113,12,37,TRIPURA,2002,113
"UTTAR PRADESH",MUZAFFARNAGAR,2002,287,195,30,"UTTAR PRADESH",2002,287
UTTARAKHAND,HARIDWAR,2002,75,70,23,UTTARAKHAND,2002,75
"WEST BENGAL","24 PARGANAS NORTH",2002,204,55,88,"WEST BENGAL",2002,204
"A & N ISLANDS",ANDAMAN,2002,14,3,1,"A & N ISLANDS",2002,14
CHANDIGARH,CHANDIGARH,2002,31,35,18,CHANDIGARH,2002,31
"D & N HAVELI","D and N HAVELI",2002,11,2,4,"D & N HAVELI",2002,11
"DAMAN & DIU",DAMAN,2002,7,1,0,"DAMAN & DIU",2002,7
"DELHI UT","DELHI UT TOTAL",2002,531,440,403,"DELHI UT",2002,531
LAKSHADWEEP,LAKSHADWEEP,2002,0,0,1,LAKSHADWEEP,2002,0
PUDUCHERRY,PONDICHERRY,2002,29,43,6,PUDUCHERRY,2002,29
"ANDHRA PRADESH",GUNTUR,2003,210,84,46,"ANDHRA PRADESH",2003,210
"ARUNACHAL PRADESH",LOHIT,2003,16,0,1,"ARUNACHAL PRADESH",2003,16
ASSAM,DIBRUGARH,2003,107,33,38,ASSAM,2003,107
BIHAR,PATNA,2003,484,680,34,BIHAR,2003,484
CHHATTISGARH,BILASPUR,2003,95,55,49,CHHATTISGARH,2003,95
GOA,"NORTH GOA",2003,22,8,22,GOA,2003,22
GUJARAT,"AHMEDABAD COMMR.",2003,90,68,18,GUJARAT,2003,90
HARYANA,SONIPAT,2003,62,37,15,HARYANA,2003,62
HARYANA,GURGAON,2003,62,33,32,HARYANA,2003,62
"HIMACHAL PRADESH",KANGRA,2003,38,16,8,"HIMACHAL PRADESH",2003,38
"JAMMU & KASHMIR",POONCH,2003,111,113,12,"JAMMU & KASHMIR",2003,111
JHARKHAND,RANCHI,2003,250,136,55,JHARKHAND,2003,250
KARNATAKA,"BANGALORE COMMR.",2003,216,280,34,KARNATAKA,2003,216
KERALA,PALAKKAD,2003,52,41,47,KERALA,2003,52
"MADHYA PRADESH",JHABUA,2003,119,101,36,"MADHYA PRADESH",2003,119
MAHARASHTRA,MUMBAI,2003,242,115,133,MAHARASHTRA,2003,242
MANIPUR,IMPHAL(WEST),2003,28,35,5,MANIPUR,2003,28
MEGHALAYA,"JAINTIA HILLS",2003,52,2,11,MEGHALAYA,2003,52
MIZORAM,AIZAWL,2003,14,24,24,MIZORAM,2003,14
NAGALAND,KOHIMA,2003,28,10,5,NAGALAND,2003,28
ODISHA,SUNDARGARH,2003,83,41,21,ODISHA,2003,83
PUNJAB,LUDHIANA,2003,64,66,38,PUNJAB,2003,64
RAJASTHAN,JAIPUR,2003,92,114,57,RAJASTHAN,2003,92
SIKKIM,EAST,2003,7,4,5,SIKKIM,2003,7
"TAMIL NADU",DHARMAPURI,2003,90,58,23,"TAMIL NADU",2003,90
TRIPURA,WEST,2003,136,30,36,TRIPURA,2003,136
"UTTAR PRADESH",BAREILLY,2003,194,122,32,"UTTAR PRADESH",2003,194
UTTARAKHAND,HARIDWAR,2003,75,45,31,UTTARAKHAND,2003,75
"WEST BENGAL","24 PARGANAS NORTH",2003,193,30,92,"WEST BENGAL",2003,193
"A & N ISLANDS",ANDAMAN,2003,16,4,2,"A & N ISLANDS",2003,16
CHANDIGARH,CHANDIGARH,2003,21,15,18,CHANDIGARH,2003,21
"D & N HAVELI","D and N HAVELI",2003,11,5,1,"D & N HAVELI",2003,11
"DAMAN & DIU",DAMAN,2003,6,3,4,"DAMAN & DIU",2003,6
"DELHI UT","DELHI UT TOTAL",2003,485,407,490,"DELHI UT",2003,485
LAKSHADWEEP,LAKSHADWEEP,2003,0,0,2,LAKSHADWEEP,2003,0
PUDUCHERRY,PONDICHERRY,2003,29,32,2,PUDUCHERRY,2003,29
"ANDHRA PRADESH",MAHABOOBNAGAR,2004,183,87,56,"ANDHRA PRADESH",2004,183
"ARUNACHAL PRADESH","SUBANSIRI UPPER",2004,10,6,0,"ARUNACHAL PRADESH",2004,10
"ARUNACHAL PRADESH",LOHIT,2004,10,2,5,"ARUNACHAL PRADESH",2004,10
ASSAM,DIBRUGARH,2004,125,19,58,ASSAM,2004,125
BIHAR,PATNA,2004,542,188,46,BIHAR,2004,542
CHHATTISGARH,SARGUJA,2004,111,47,123,CHHATTISGARH,2004,111
GOA,"NORTH GOA",2004,23,3,13,GOA,2004,23
GUJARAT,"AHMEDABAD COMMR.",2004,92,62,40,GUJARAT,2004,92
HARYANA,SONIPAT,2004,67,34,13,HARYANA,2004,67
HARYANA,FARIDABAD,2004,67,31,42,HARYANA,2004,67
"HIMACHAL PRADESH",MANDI,2004,19,7,15,"HIMACHAL PRADESH",2004,19
"JAMMU & KASHMIR",BARAMULLA,2004,86,83,15,"JAMMU & KASHMIR",2004,86
JHARKHAND,RANCHI,2004,270,161,55,JHARKHAND,2004,270
KARNATAKA,"BANGALORE COMMR.",2004,214,285,32,KARNATAKA,2004,214
KERALA,KOLLAM,2004,46,26,55,KERALA,2004,46
"MADHYA PRADESH",JHABUA,2004,139,87,22,"MADHYA PRADESH",2004,139
MAHARASHTRA,MUMBAI,2004,253,127,187,MAHARASHTRA,2004,253
MANIPUR,THOUBAL,2004,38,46,11,MANIPUR,2004,38
MEGHALAYA,"KHASI HILLS EAST",2004,33,12,17,MEGHALAYA,2004,33
MIZORAM,AIZAWL,2004,10,7,6,MIZORAM,2004,10
NAGALAND,DIMAPUR,2004,22,5,2,NAGALAND,2004,22
ODISHA,MAYURBHANJ,2004,77,66,84,ODISHA,2004,77
PUNJAB,JALANDHAR,2004,74,85,31,PUNJAB,2004,74
RAJASTHAN,BHARATPUR,2004,92,134,44,RAJASTHAN,2004,92
SIKKIM,WEST,2004,5,1,0,SIKKIM,2004,5
"TAMIL NADU",CHENGAI,2004,79,56,33,"TAMIL NADU",2004,79
TRIPURA,WEST,2004,97,13,48,TRIPURA,2004,97
"UTTAR PRADESH",MUZAFFARNAGAR,2004,253,163,44,"UTTAR PRADESH",2004,253
UTTARAKHAND,HARIDWAR,2004,56,66,33,UTTARAKHAND,2004,56
"WEST BENGAL","24 PARGANAS NORTH",2004,177,43,176,"WEST BENGAL",2004,177
"A & N ISLANDS",ANDAMAN,2004,13,1,10,"A & N ISLANDS",2004,13
CHANDIGARH,CHANDIGARH,2004,22,19,19,CHANDIGARH,2004,22
"D & N HAVELI","D and N HAVELI",2004,11,4,7,"D & N HAVELI",2004,11
"DAMAN & DIU",DAMAN,2004,2,1,1,"DAMAN & DIU",2004,2
"DELHI UT","DELHI UT TOTAL",2004,481,519,551,"DELHI UT",2004,481
LAKSHADWEEP,LAKSHADWEEP,2004,0,0,0,LAKSHADWEEP,2004,0
PUDUCHERRY,PONDICHERRY,2004,25,18,4,PUDUCHERRY,2004,25
"ANDHRA PRADESH",MAHABOOBNAGAR,2005,212,102,62,"ANDHRA PRADESH",2005,212
"ARUNACHAL PRADESH",LOHIT,2005,14,5,3,"ARUNACHAL PRADESH",2005,14
ASSAM,DIBRUGARH,2005,113,24,57,ASSAM,2005,113
BIHAR,PATNA,2005,436,87,57,BIHAR,2005,436
CHHATTISGARH,BILASPUR,2005,94,54,77,CHHATTISGARH,2005,94
GOA,"SOUTH GOA",2005,23,5,9,GOA,2005,23
GUJARAT,"SURAT COMMR.",2005,86,23,23,GUJARAT,2005,86
HARYANA,FARIDABAD,2005,76,44,39,HARYANA,2005,76
"HIMACHAL PRADESH",KANGRA,2005,21,13,23,"HIMACHAL PRADESH",2005,21
"JAMMU & KASHMIR",BARAMULLA,2005,78,93,16,"JAMMU & KASHMIR",2005,78
JHARKHAND,RANCHI,2005,239,168,102,JHARKHAND,2005,239
KARNATAKA,"BANGALORE COMMR.",2005,242,282,38,KARNATAKA,2005,242
KERALA,THRISSUR,2005,41,35,38,KERALA,2005,41
"MADHYA PRADESH",JHABUA,2005,129,68,37,"MADHYA PRADESH",2005,129
MAHARASHTRA,MUMBAI,2005,212,136,201,MAHARASHTRA,2005,212
MANIPUR,IMPHAL(WEST),2005,49,68,10,MANIPUR,2005,49
MANIPUR,CHURACHANDPUR,2005,49,25,0,MANIPUR,2005,49
MEGHALAYA,"JAINTIA HILLS",2005,43,3,10,MEGHALAYA,2005,43
MIZORAM,MAMIT,2005,4,2,6,MIZORAM,2005,4
MIZORAM,LUNGLEI,2005,4,4,6,MIZORAM,2005,4
MIZORAM,CHAMPHAI,2005,4,3,5,MIZORAM,2005,4
MIZORAM,AIZAWL,2005,4,4,10,MIZORAM,2005,4
NAGALAND,DIMAPUR,2005,23,4,7,NAGALAND,2005,23
ODISHA,SUNDARGARH,2005,82,45,32,ODISHA,2005,82
PUNJAB,JALANDHAR,2005,63,83,37,PUNJAB,2005,63
RAJASTHAN,BHARATPUR,2005,91,111,46,RAJASTHAN,2005,91
SIKKIM,EAST,2005,5,10,8,SIKKIM,2005,5
"TAMIL NADU",CHENNAI,2005,123,175,43,"TAMIL NADU",2005,123
TRIPURA,WEST,2005,61,20,58,TRIPURA,2005,61
"UTTAR PRADESH",BAREILLY,2005,224,209,48,"UTTAR PRADESH",2005,224
UTTARAKHAND,HARIDWAR,2005,65,56,32,UTTARAKHAND,2005,65
"WEST BENGAL","24 PARGANAS NORTH",2005,168,70,217,"WEST BENGAL",2005,168
"A & N ISLANDS",ANDAMAN,2005,14,3,4,"A & N ISLANDS",2005,14
CHANDIGARH,CHANDIGARH,2005,18,15,33,CHANDIGARH,2005,18
"D & N HAVELI","D and N HAVELI",2005,7,5,5,"D & N HAVELI",2005,7
"DAMAN & DIU",DAMAN,2005,4,2,2,"DAMAN & DIU",2005,4
"DELHI UT","DELHI UT TOTAL",2005,455,467,658,"DELHI UT",2005,455
LAKSHADWEEP,LAKSHADWEEP,2005,1,0,0,LAKSHADWEEP,2005,1
PUDUCHERRY,PONDICHERRY,2005,19,24,6,PUDUCHERRY,2005,19
"ANDHRA PRADESH",CYBERABAD,2006,193,92,60,"ANDHRA PRADESH",2006,193
"ARUNACHAL PRADESH","PAPUM PARE",2006,10,11,5,"ARUNACHAL PRADESH",2006,10
ASSAM,DIBRUGARH,2006,104,25,53,ASSAM,2006,104
BIHAR,PATNA,2006,338,88,54,BIHAR,2006,338
CHHATTISGARH,BIZAPUR,2006,139,181,6,CHHATTISGARH,2006,139
GOA,"NORTH GOA",2006,24,8,8,GOA,2006,24
GUJARAT,"SURAT COMMR.",2006,103,30,31,GUJARAT,2006,103
HARYANA,GURGAON,2006,93,63,30,HARYANA,2006,93
"HIMACHAL PRADESH",KANGRA,2006,19,19,12,"HIMACHAL PRADESH",2006,19
"JAMMU & KASHMIR",DODA,2006,65,94,10,"JAMMU & KASHMIR",2006,65
JHARKHAND,RANCHI,2006,253,60,79,JHARKHAND,2006,253
KARNATAKA,"BANGALORE COMMR.",2006,218,324,33,KARNATAKA,2006,218
KERALA,THRISSUR,2006,44,48,55,KERALA,2006,44
KERALA,PALAKKAD,2006,44,30,59,KERALA,2006,44
"MADHYA PRADESH",JHABUA,2006,117,63,32,"MADHYA PRADESH",2006,117
MAHARASHTRA,"MUMBAI COMMR.",2006,239,135,165,MAHARASHTRA,2006,239
MANIPUR,CHURACHANDPUR,2006,43,30,20,MANIPUR,2006,43
MEGHALAYA,"JAINTIA HILLS",2006,51,3,19,MEGHALAYA,2006,51
MIZORAM,AIZAWL,2006,7,9,31,MIZORAM,2006,7
NAGALAND,KOHIMA,2006,31,19,8,NAGALAND,2006,31
ODISHA,MAYURBHANJ,2006,84,42,88,ODISHA,2006,84
ODISHA,KEONJHAR,2006,84,59,53,ODISHA,2006,84
PUNJAB,JALANDHAR,2006,80,122,52,PUNJAB,2006,80
RAJASTHAN,BHARATPUR,2006,75,60,35,RAJASTHAN,2006,75
RAJASTHAN,ALWAR,2006,75,83,81,RAJASTHAN,2006,75
SIKKIM,EAST,2006,10,10,10,SIKKIM,2006,10
"TAMIL NADU",CHENNAI,2006,131,193,29,"TAMIL NADU",2006,131
TRIPURA,WEST,2006,74,12,77,TRIPURA,2006,74
"UTTAR PRADESH",MUZAFFARNAGAR,2006,230,164,31,"UTTAR PRADESH",2006,230
UTTARAKHAND,"UDHAMSINGH NAGAR",2006,74,53,23,UTTARAKHAND,2006,74
"WEST BENGAL","24 PARGANAS NORTH",2006,154,82,174,"WEST BENGAL",2006,154
"A & N ISLANDS",ANDAMAN,2006,3,4,6,"A & N ISLANDS",2006,3
CHANDIGARH,CHANDIGARH,2006,12,21,19,CHANDIGARH,2006,12
"D & N HAVELI","D and N HAVELI",2006,9,0,6,"D & N HAVELI",2006,9
"DAMAN & DIU",DAMAN,2006,6,2,1,"DAMAN & DIU",2006,6
"DELHI UT","DELHI UT TOTAL",2006,476,510,623,"DELHI UT",2006,476
LAKSHADWEEP,LAKSHADWEEP,2006,0,2,0,LAKSHADWEEP,2006,0
PUDUCHERRY,PONDICHERRY,2006,28,22,8,PUDUCHERRY,2006,28
"ANDHRA PRADESH",CYBERABAD,2007,186,84,45,"ANDHRA PRADESH",2007,186
"ARUNACHAL PRADESH",LOHIT,2007,17,1,5,"ARUNACHAL PRADESH",2007,17
ASSAM,TINSUKIA,2007,143,6,57,ASSAM,2007,143
BIHAR,PATNA,2007,317,115,74,BIHAR,2007,317
CHHATTISGARH,BIZAPUR,2007,113,148,4,CHHATTISGARH,2007,113
GOA,"SOUTH GOA",2007,18,10,15,GOA,2007,18
GUJARAT,"SURAT COMMR.",2007,108,31,24,GUJARAT,2007,108
HARYANA,GURGAON,2007,93,58,40,HARYANA,2007,93
"HIMACHAL PRADESH",KANGRA,2007,22,11,20,"HIMACHAL PRADESH",2007,22
"JAMMU & KASHMIR",BARAMULLA,2007,47,79,31,"JAMMU & KASHMIR",2007,47
JHARKHAND,RANCHI,2007,203,78,53,JHARKHAND,2007,203
KARNATAKA,"BANGALORE COMMR.",2007,246,264,62,KARNATAKA,2007,246
KERALA,KOLLAM,2007,43,27,46,KERALA,2007,43
"MADHYA PRADESH",INDORE,2007,111,151,102,"MADHYA PRADESH",2007,111
MAHARASHTRA,"MUMBAI COMMR.",2007,230,116,174,MAHARASHTRA,2007,230
MANIPUR,"IMPHAL WEST",2007,61,130,7,MANIPUR,2007,61
MEGHALAYA,"JAINTIA HILLS",2007,43,2,26,MEGHALAYA,2007,43
MIZORAM,AIZAWL,2007,18,11,35,MIZORAM,2007,18
NAGALAND,DIMAPUR,2007,30,8,5,NAGALAND,2007,30
ODISHA,MAYURBHANJ,2007,98,54,74,ODISHA,2007,98
PUNJAB,LUDHIANA,2007,63,76,58,PUNJAB,2007,63
PUNJAB,JALANDHAR,2007,63,118,54,PUNJAB,2007,63
RAJASTHAN,ALWAR,2007,89,62,73,RAJASTHAN,2007,89
SIKKIM,WEST,2007,6,2,4,SIKKIM,2007,6
"TAMIL NADU",CHENNAI,2007,145,247,46,"TAMIL NADU",2007,145
TRIPURA,WEST,2007,65,14,77,TRIPURA,2007,65
"UTTAR PRADESH",MUZAFFARNAGAR,2007,213,170,37,"UTTAR PRADESH",2007,213
UTTARAKHAND,HARIDWAR,2007,55,59,28,UTTARAKHAND,2007,55
"WEST BENGAL","24 PARGANAS NORTH",2007,194,6,231,"WEST BENGAL",2007,194
"A & N ISLANDS","A and N ISLANDS",2007,15,19,3,"A & N ISLANDS",2007,15
CHANDIGARH,CHANDIGARH,2007,19,26,22,CHANDIGARH,2007,19
"D & N HAVELI","D and N HAVELI",2007,10,2,7,"D & N HAVELI",2007,10
"DAMAN & DIU",DAMAN,2007,12,6,1,"DAMAN & DIU",2007,12
"DELHI UT","DELHI UT TOTAL",2007,495,530,598,"DELHI UT",2007,495
LAKSHADWEEP,LAKSHADWEEP,2007,0,2,1,LAKSHADWEEP,2007,0
PUDUCHERRY,PONDICHERRY,2007,30,33,6,PUDUCHERRY,2007,30
"ANDHRA PRADESH",CYBERABAD,2008,197,66,80,"ANDHRA PRADESH",2008,197
"ARUNACHAL PRADESH","PAPUM PARE",2008,11,6,7,"ARUNACHAL PRADESH",2008,11
"ARUNACHAL PRADESH",LOHIT,2008,11,1,3,"ARUNACHAL PRADESH",2008,11
ASSAM,TINSUKIA,2008,114,0,60,ASSAM,2008,114
BIHAR,PATNA,2008,341,189,57,BIHAR,2008,341
CHHATTISGARH,RAIPUR,2008,112,91,128,CHHATTISGARH,2008,112
CHHATTISGARH,BILASPUR,2008,112,48,71,CHHATTISGARH,2008,112
GOA,"NORTH GOA",2008,26,14,15,GOA,2008,26
GUJARAT,"SURAT COMMR.",2008,97,42,28,GUJARAT,2008,97
HARYANA,SONIPAT,2008,84,48,36,HARYANA,2008,84
"HIMACHAL PRADESH",MANDI,2008,19,7,32,"HIMACHAL PRADESH",2008,19
"HIMACHAL PRADESH",KANGRA,2008,19,20,19,"HIMACHAL PRADESH",2008,19
"JAMMU & KASHMIR",JAMMU,2008,31,87,26,"JAMMU & KASHMIR",2008,31
JHARKHAND,RANCHI,2008,209,72,62,JHARKHAND,2008,209
KARNATAKA,"BANGALORE COMMR.",2008,253,297,54,KARNATAKA,2008,253
KERALA,THRISSUR,2008,38,64,46,KERALA,2008,38
"MADHYA PRADESH",INDORE,2008,125,197,122,"MADHYA PRADESH",2008,125
MAHARASHTRA,"MUMBAI COMMR.",2008,210,132,218,MAHARASHTRA,2008,210
MANIPUR,THOUBAL,2008,46,126,9,MANIPUR,2008,46
MEGHALAYA,"JAINTIA HILLS",2008,38,5,18,MEGHALAYA,2008,38
MIZORAM,AIZAWL,2008,12,7,39,MIZORAM,2008,12
NAGALAND,DIMAPUR,2008,64,13,6,NAGALAND,2008,64
ODISHA,KEONJHAR,2008,91,152,66,ODISHA,2008,91
PUNJAB,LUDHIANA,2008,73,69,46,PUNJAB,2008,73
RAJASTHAN,ALWAR,2008,101,59,88,RAJASTHAN,2008,101
SIKKIM,EAST,2008,5,5,5,SIKKIM,2008,5
"TAMIL NADU",CHENNAI,2008,100,130,35,"TAMIL NADU",2008,100
TRIPURA,WEST,2008,72,14,81,TRIPURA,2008,72
"UTTAR PRADESH",MUZAFFARNAGAR,2008,168,175,40,"UTTAR PRADESH",2008,168
"UTTAR PRADESH","KANPUR NAGAR",2008,168,114,72,"UTTAR PRADESH",2008,168
UTTARAKHAND,HARIDWAR,2008,74,62,24,UTTARAKHAND,2008,74
"WEST BENGAL","24 PARGANAS SOUTH",2008,239,35,308,"WEST BENGAL",2008,239
"A & N ISLANDS",ANDAMAN,2008,8,10,12,"A & N ISLANDS",2008,8
CHANDIGARH,CHANDIGARH,2008,17,28,20,CHANDIGARH,2008,17
"D & N HAVELI","D and N HAVELI",2008,9,2,6,"D & N HAVELI",2008,9
"DAMAN & DIU",DAMAN,2008,2,1,0,"DAMAN & DIU",2008,2
"DELHI UT","DELHI UT TOTAL",2008,554,389,466,"DELHI UT",2008,554
LAKSHADWEEP,LAKSHADWEEP,2008,1,0,2,LAKSHADWEEP,2008,1
PUDUCHERRY,PUDUCHERRY,2008,30,29,7,PUDUCHERRY,2008,30
"ANDHRA PRADESH",CYBERABAD,2009,186,84,82,"ANDHRA PRADESH",2009,186
"ARUNACHAL PRADESH","SIANG WEST",2009,11,3,5,"ARUNACHAL PRADESH",2009,11
ASSAM,SONITPUR,2009,109,20,89,ASSAM,2009,109
BIHAR,PATNA,2009,314,104,46,BIHAR,2009,314
CHHATTISGARH,RAIPUR,2009,101,94,145,CHHATTISGARH,2009,101
GOA,"NORTH GOA",2009,33,9,31,GOA,2009,33
GUJARAT,"SURAT COMMR.",2009,101,15,28,GUJARAT,2009,101
HARYANA,GURGAON,2009,84,38,29,HARYANA,2009,84
"HIMACHAL PRADESH",KANGRA,2009,29,17,23,"HIMACHAL PRADESH",2009,29
"JAMMU & KASHMIR",SRINAGAR,2009,23,70,21,"JAMMU & KASHMIR",2009,23
JHARKHAND,RANCHI,2009,202,211,63,JHARKHAND,2009,202
KARNATAKA,"BANGALORE COMMR.",2009,256,338,65,KARNATAKA,2009,256
KERALA,PALAKKAD,2009,36,21,49,KERALA,2009,36
"MADHYA PRADESH",INDORE,2009,132,208,82,"MADHYA PRADESH",2009,132
MAHARASHTRA,"MUMBAI COMMR.",2009,217,160,182,MAHARASHTRA,2009,217
MANIPUR,"IMPHAL WEST",2009,32,156,8,MANIPUR,2009,32
MEGHALAYA,"JAINTIA HILLS",2009,40,5,24,MEGHALAYA,2009,40
MIZORAM,AIZAWL,2009,14,8,27,MIZORAM,2009,14
NAGALAND,DIMAPUR,2009,15,8,7,NAGALAND,2009,15
ODISHA,KEONJHAR,2009,109,101,53,ODISHA,2009,109
PUNJAB,LUDHIANA,2009,68,101,39,PUNJAB,2009,68
RAJASTHAN,ALWAR,2009,103,77,101,RAJASTHAN,2009,103
SIKKIM,EAST,2009,7,4,5,SIKKIM,2009,7
"TAMIL NADU",CHENNAI,2009,96,175,39,"TAMIL NADU",2009,96
TRIPURA,WEST,2009,61,19,76,TRIPURA,2009,61
"UTTAR PRADESH",GHAZIABAD,2009,254,277,53,"UTTAR PRADESH",2009,254
UTTARAKHAND,HARIDWAR,2009,67,58,26,UTTARAKHAND,2009,67
"WEST BENGAL","24 PARGANAS NORTH",2009,229,238,166,"WEST BENGAL",2009,229
"A & N ISLANDS",ANDAMAN,2009,15,4,18,"A & N ISLANDS",2009,15
CHANDIGARH,CHANDIGARH,2009,22,18,29,CHANDIGARH,2009,22
"D & N HAVELI","D and N HAVELI",2009,10,5,4,"D & N HAVELI",2009,10
"DAMAN & DIU",DAMAN,2009,5,4,1,"DAMAN & DIU",2009,5
"DELHI UT","DELHI UT TOTAL",2009,552,369,469,"DELHI UT",2009,552
LAKSHADWEEP,LAKSHADWEEP,2009,0,1,1,LAKSHADWEEP,2009,0
PUDUCHERRY,PUDUCHERRY,2009,31,23,1,PUDUCHERRY,2009,31
"ANDHRA PRADESH",CYBERABAD,2010,187,84,95,"ANDHRA PRADESH",2010,187
"ARUNACHAL PRADESH","SIANG WEST",2010,9,1,6,"ARUNACHAL PRADESH",2010,9
ASSAM,TINSUKIA,2010,96,17,55,ASSAM,2010,96
BIHAR,PATNA,2010,304,20,50,BIHAR,2010,304
CHHATTISGARH,BILASPUR,2010,106,49,69,CHHATTISGARH,2010,106
GOA,"NORTH GOA",2010,25,12,12,GOA,2010,25
GUJARAT,"SURAT COMMR.",2010,87,19,23,GUJARAT,2010,87
HARYANA,HISSAR,2010,91,74,25,HARYANA,2010,91
"HIMACHAL PRADESH",KANGRA,2010,27,12,22,"HIMACHAL PRADESH",2010,27
"JAMMU & KASHMIR",SOPORE,2010,30,67,9,"JAMMU & KASHMIR",2010,30
JHARKHAND,RANCHI,2010,183,55,92,JHARKHAND,2010,183
KARNATAKA,"BANGALORE COMMR.",2010,266,445,65,KARNATAKA,2010,266
KERALA,"TRIVANDRUM RURAL",2010,42,26,68,KERALA,2010,42
KERALA,PALAKKAD,2010,42,24,49,KERALA,2010,42
"MADHYA PRADESH",INDORE,2010,108,149,104,"MADHYA PRADESH",2010,108
MAHARASHTRA,"MUMBAI COMMR.",2010,228,170,194,MAHARASHTRA,2010,228
MANIPUR,"IMPHAL EAST",2010,19,51,6,MANIPUR,2010,19
MEGHALAYA,"JAINTIA HILLS",2010,48,5,33,MEGHALAYA,2010,48
MIZORAM,AIZAWL,2010,23,10,34,MIZORAM,2010,23
NAGALAND,DIMAPUR,2010,20,6,4,NAGALAND,2010,20
ODISHA,MAYURBHANJ,2010,88,62,76,ODISHA,2010,88
PUNJAB,"CP LUDHIANA",2010,90,92,55,PUNJAB,2010,90
RAJASTHAN,BHARATPUR,2010,83,86,83,RAJASTHAN,2010,83
SIKKIM,SOUTH,2010,7,3,9,SIKKIM,2010,7
"TAMIL NADU",CHENNAI,2010,103,158,47,"TAMIL NADU",2010,103
TRIPURA,WEST,2010,83,25,118,TRIPURA,2010,83
"UTTAR PRADESH",GHAZIABAD,2010,216,220,44,"UTTAR PRADESH",2010,216
UTTARAKHAND,"UDHAMSINGH NAGAR",2010,55,66,22,UTTARAKHAND,2010,55
"WEST BENGAL","PASCHIM MIDNAPUR",2010,268,113,67,"WEST BENGAL",2010,268
"A & N ISLANDS",ANDAMAN,2010,8,7,23,"A & N ISLANDS",2010,8
CHANDIGARH,CHANDIGARH,2010,21,30,31,CHANDIGARH,2010,21
"D & N HAVELI","D and N HAVELI",2010,6,0,3,"D & N HAVELI",2010,6
"DAMAN & DIU",DAMAN,2010,5,2,1,"DAMAN & DIU",2010,5
"DELHI UT","DELHI UT TOTAL",2010,565,311,507,"DELHI UT",2010,565
LAKSHADWEEP,LAKSHADWEEP,2010,0,0,0,LAKSHADWEEP,2010,0
PUDUCHERRY,PUDUCHERRY,2010,29,16,2,PUDUCHERRY,2010,29
"ANDHRA PRADESH",CYBERABAD,2011,213,128,89,"ANDHRA PRADESH",2011,213
"ARUNACHAL PRADESH",LOHIT,2011,12,3,5,"ARUNACHAL PRADESH",2011,12
ASSAM,TINSUKIA,2011,98,49,61,ASSAM,2011,98
BIHAR,PATNA,2011,248,25,41,BIHAR,2011,248
CHHATTISGARH,BILASPUR,2011,112,43,70,CHHATTISGARH,2011,112
GOA,"NORTH GOA",2011,33,10,13,GOA,2011,33
GUJARAT,"SURAT COMMR.",2011,100,38,36,GUJARAT,2011,100
HARYANA,GURGAON,2011,89,57,40,HARYANA,2011,89
"HIMACHAL PRADESH",KANGRA,2011,21,7,32,"HIMACHAL PRADESH",2011,21
"JAMMU & KASHMIR",JAMMU,2011,18,83,35,"JAMMU & KASHMIR",2011,18
JHARKHAND,GUMLA,2011,201,52,46,JHARKHAND,2011,201
KARNATAKA,"BANGALORE COMMR.",2011,232,460,97,KARNATAKA,2011,232
KERALA,PALAKKAD,2011,41,43,85,KERALA,2011,41
"MADHYA PRADESH",INDORE,2011,135,137,129,"MADHYA PRADESH",2011,135
MAHARASHTRA,"MUMBAI COMMR.",2011,203,180,221,MAHARASHTRA,2011,203
MANIPUR,"IMPHAL WEST",2011,24,118,17,MANIPUR,2011,24
MEGHALAYA,"JAINTIA HILLS",2011,52,4,43,MEGHALAYA,2011,52
MIZORAM,AIZAWL,2011,10,10,35,MIZORAM,2011,10
NAGALAND,DIMAPUR,2011,15,10,9,NAGALAND,2011,15
ODISHA,MAYURBHANJ,2011,103,73,76,ODISHA,2011,103
PUNJAB,"CP LUDHIANA",2011,76,83,48,PUNJAB,2011,76
RAJASTHAN,ALWAR,2011,104,51,99,RAJASTHAN,2011,104
SIKKIM,EAST,2011,8,3,7,SIKKIM,2011,8
"TAMIL NADU",CHENNAI,2011,168,332,76,"TAMIL NADU",2011,168
TRIPURA,WEST,2011,71,22,86,TRIPURA,2011,71
"UTTAR PRADESH",MEERUT,2011,189,235,79,"UTTAR PRADESH",2011,189
UTTARAKHAND,HARIDWAR,2011,56,58,26,UTTARAKHAND,2011,56
"WEST BENGAL","24 PARGANAS SOUTH",2011,247,3,274,"WEST BENGAL",2011,247
"A & N ISLANDS",ANDAMAN,2011,14,5,13,"A & N ISLANDS",2011,14
CHANDIGARH,CHANDIGARH,2011,24,40,27,CHANDIGARH,2011,24
"D & N HAVELI","D and N HAVELI",2011,14,2,4,"D & N HAVELI",2011,14
"DAMAN & DIU",DAMAN,2011,6,1,1,"DAMAN & DIU",2011,6
"DELHI UT","DELHI UT TOTAL",2011,543,386,572,"DELHI UT",2011,543
LAKSHADWEEP,LAKSHADWEEP,2011,0,1,0,LAKSHADWEEP,2011,0
PUDUCHERRY,PUDUCHERRY,2011,32,20,7,PUDUCHERRY,2011,32
"ANDHRA PRADESH",CYBERABAD,2012,198,113,75,"ANDHRA PRADESH",2012,198
"ARUNACHAL PRADESH",LOHIT,2012,11,4,3,"ARUNACHAL PRADESH",2012,11
ASSAM,KOKRAJHAR,2012,110,42,27,ASSAM,2012,110
BIHAR,PATNA,2012,356,86,49,BIHAR,2012,356
CHHATTISGARH,BILASPUR,2012,74,42,47,CHHATTISGARH,2012,74
GOA,"NORTH GOA",2012,28,20,26,GOA,2012,28
GUJARAT,"SURAT COMMR.",2012,98,26,40,GUJARAT,2012,98
HARYANA,SONIPAT,2012,86,67,32,HARYANA,2012,86
"HIMACHAL PRADESH",KANGRA,2012,24,8,26,"HIMACHAL PRADESH",2012,24
"JAMMU & KASHMIR",SRINAGAR,2012,13,45,19,"JAMMU & KASHMIR",2012,13
"JAMMU & KASHMIR",JAMMU,2012,13,80,39,"JAMMU & KASHMIR",2012,13
JHARKHAND,GUMLA,2012,192,45,36,JHARKHAND,2012,192
KARNATAKA,"BANGALORE COMMR.",2012,266,454,90,KARNATAKA,2012,266
KERALA,"TRIVANDRUM RURAL",2012,42,49,97,KERALA,2012,42
"MADHYA PRADESH",INDORE,2012,123,172,173,"MADHYA PRADESH",2012,123
MAHARASHTRA,"MUMBAI COMMR.",2012,215,170,232,MAHARASHTRA,2012,215
MANIPUR,THOUBAL,2012,16,73,20,MANIPUR,2012,16
MEGHALAYA,"JAINTIA HILLS",2012,44,11,32,MEGHALAYA,2012,44
MIZORAM,AIZAWL,2012,12,13,42,MIZORAM,2012,12
NAGALAND,DIMAPUR,2012,26,8,9,NAGALAND,2012,26
ODISHA,KEONJHAR,2012,97,83,102,ODISHA,2012,97
PUNJAB,"CP LUDHIANA",2012,79,78,69,PUNJAB,2012,79
RAJASTHAN,ALWAR,2012,100,88,129,RAJASTHAN,2012,100
SIKKIM,EAST,2012,3,4,13,SIKKIM,2012,3
"TAMIL NADU",CHENNAI,2012,180,219,94,"TAMIL NADU",2012,180
TRIPURA,WEST,2012,26,12,50,TRIPURA,2012,26
"UTTAR PRADESH",MEERUT,2012,202,246,54,"UTTAR PRADESH",2012,202
UTTARAKHAND,HARIDWAR,2012,74,54,47,UTTARAKHAND,2012,74
"WEST BENGAL","24 PARGANAS SOUTH",2012,224,8,244,"WEST BENGAL",2012,224
"A & N ISLANDS",SOUTH,2012,8,3,8,"A & N ISLANDS",2012,8
CHANDIGARH,CHANDIGARH,2012,21,44,27,CHANDIGARH,2012,21
"D & N HAVELI","D and N HAVELI",2012,7,2,3,"D & N HAVELI",2012,7
"DAMAN & DIU",DAMAN,2012,3,4,5,"DAMAN & DIU",2012,3
"DELHI UT","DELHI UT TOTAL",2012,521,439,706,"DELHI UT",2012,521
LAKSHADWEEP,LAKSHADWEEP,2012,0,0,0,LAKSHADWEEP,2012,0
PUDUCHERRY,PUDUCHERRY,2012,24,21,7,PUDUCHERRY,2012,24
